<hark_xml version="1.3">
    <config>
        <comment>conversion from libharkio2 to libharkio3</comment>
        <SynchronousAverage>16</SynchronousAverage>
        <TSPpath></TSPpath>
        <TSPOffset>16384</TSPOffset>
        <PeakSearch from="0" to="0"/>
        <nfft>512</nfft>
        <samplingRate>16000</samplingRate>
        <signalMax>32768</signalMax>
        <TSPLength>0</TSPLength>
    </config>
    <positions type="soundsource" frame="1" coordinate="cartesian">
        <position x="-0.958" y="-0.000" z="0.287" id="0"/>
        <position x="-0.954" y="-0.083" z="0.287" id="1"/>
        <position x="-0.943" y="-0.166" z="0.287" id="2"/>
        <position x="-0.925" y="-0.248" z="0.287" id="3"/>
        <position x="-0.900" y="-0.328" z="0.287" id="4"/>
        <position x="-0.868" y="-0.405" z="0.287" id="5"/>
        <position x="-0.830" y="-0.479" z="0.287" id="6"/>
        <position x="-0.785" y="-0.549" z="0.287" id="7"/>
        <position x="-0.734" y="-0.616" z="0.287" id="8"/>
        <position x="-0.677" y="-0.677" z="0.287" id="9"/>
        <position x="-0.616" y="-0.734" z="0.287" id="10"/>
        <position x="-0.549" y="-0.785" z="0.287" id="11"/>
        <position x="-0.479" y="-0.830" z="0.287" id="12"/>
        <position x="-0.405" y="-0.868" z="0.287" id="13"/>
        <position x="-0.328" y="-0.900" z="0.287" id="14"/>
        <position x="-0.248" y="-0.925" z="0.287" id="15"/>
        <position x="-0.166" y="-0.943" z="0.287" id="16"/>
        <position x="-0.083" y="-0.954" z="0.287" id="17"/>
        <position x="0.000" y="-0.958" z="0.287" id="18"/>
        <position x="0.083" y="-0.954" z="0.287" id="19"/>
        <position x="0.166" y="-0.943" z="0.287" id="20"/>
        <position x="0.248" y="-0.925" z="0.287" id="21"/>
        <position x="0.328" y="-0.900" z="0.287" id="22"/>
        <position x="0.405" y="-0.868" z="0.287" id="23"/>
        <position x="0.479" y="-0.830" z="0.287" id="24"/>
        <position x="0.549" y="-0.785" z="0.287" id="25"/>
        <position x="0.616" y="-0.734" z="0.287" id="26"/>
        <position x="0.677" y="-0.677" z="0.287" id="27"/>
        <position x="0.734" y="-0.616" z="0.287" id="28"/>
        <position x="0.785" y="-0.549" z="0.287" id="29"/>
        <position x="0.830" y="-0.479" z="0.287" id="30"/>
        <position x="0.868" y="-0.405" z="0.287" id="31"/>
        <position x="0.900" y="-0.328" z="0.287" id="32"/>
        <position x="0.925" y="-0.248" z="0.287" id="33"/>
        <position x="0.943" y="-0.166" z="0.287" id="34"/>
        <position x="0.954" y="-0.083" z="0.287" id="35"/>
        <position x="0.958" y="0.000" z="0.287" id="36"/>
        <position x="0.954" y="0.083" z="0.287" id="37"/>
        <position x="0.943" y="0.166" z="0.287" id="38"/>
        <position x="0.925" y="0.248" z="0.287" id="39"/>
        <position x="0.900" y="0.328" z="0.287" id="40"/>
        <position x="0.868" y="0.405" z="0.287" id="41"/>
        <position x="0.830" y="0.479" z="0.287" id="42"/>
        <position x="0.785" y="0.549" z="0.287" id="43"/>
        <position x="0.734" y="0.616" z="0.287" id="44"/>
        <position x="0.677" y="0.677" z="0.287" id="45"/>
        <position x="0.616" y="0.734" z="0.287" id="46"/>
        <position x="0.549" y="0.785" z="0.287" id="47"/>
        <position x="0.479" y="0.830" z="0.287" id="48"/>
        <position x="0.405" y="0.868" z="0.287" id="49"/>
        <position x="0.328" y="0.900" z="0.287" id="50"/>
        <position x="0.248" y="0.925" z="0.287" id="51"/>
        <position x="0.166" y="0.943" z="0.287" id="52"/>
        <position x="0.083" y="0.954" z="0.287" id="53"/>
        <position x="0.000" y="0.958" z="0.287" id="54"/>
        <position x="-0.083" y="0.954" z="0.287" id="55"/>
        <position x="-0.166" y="0.943" z="0.287" id="56"/>
        <position x="-0.248" y="0.925" z="0.287" id="57"/>
        <position x="-0.328" y="0.900" z="0.287" id="58"/>
        <position x="-0.405" y="0.868" z="0.287" id="59"/>
        <position x="-0.479" y="0.830" z="0.287" id="60"/>
        <position x="-0.549" y="0.785" z="0.287" id="61"/>
        <position x="-0.616" y="0.734" z="0.287" id="62"/>
        <position x="-0.677" y="0.677" z="0.287" id="63"/>
        <position x="-0.734" y="0.616" z="0.287" id="64"/>
        <position x="-0.785" y="0.549" z="0.287" id="65"/>
        <position x="-0.830" y="0.479" z="0.287" id="66"/>
        <position x="-0.868" y="0.405" z="0.287" id="67"/>
        <position x="-0.900" y="0.328" z="0.287" id="68"/>
        <position x="-0.925" y="0.248" z="0.287" id="69"/>
        <position x="-0.943" y="0.166" z="0.287" id="70"/>
        <position x="-0.954" y="0.083" z="0.287" id="71"/>
    </positions>
    <neighbors algorithm="NearestNeighbor">
        <neighbor id="0" ids="0;1;71;"/>
        <neighbor id="1" ids="1;2;0;"/>
        <neighbor id="2" ids="2;1;3;"/>
        <neighbor id="3" ids="3;4;2;"/>
        <neighbor id="4" ids="4;3;5;"/>
        <neighbor id="5" ids="5;6;4;"/>
        <neighbor id="6" ids="6;5;7;"/>
        <neighbor id="7" ids="7;6;8;"/>
        <neighbor id="8" ids="8;9;7;"/>
        <neighbor id="9" ids="9;8;10;"/>
        <neighbor id="10" ids="10;9;11;"/>
        <neighbor id="11" ids="11;12;10;"/>
        <neighbor id="12" ids="12;13;11;"/>
        <neighbor id="13" ids="13;12;14;"/>
        <neighbor id="14" ids="14;15;13;"/>
        <neighbor id="15" ids="15;14;16;"/>
        <neighbor id="16" ids="16;17;15;"/>
        <neighbor id="17" ids="17;16;18;"/>
        <neighbor id="18" ids="18;17;19;"/>
        <neighbor id="19" ids="19;20;18;"/>
        <neighbor id="20" ids="20;19;21;"/>
        <neighbor id="21" ids="21;22;20;"/>
        <neighbor id="22" ids="22;21;23;"/>
        <neighbor id="23" ids="23;24;22;"/>
        <neighbor id="24" ids="24;23;25;"/>
        <neighbor id="25" ids="25;24;26;"/>
        <neighbor id="26" ids="26;27;25;"/>
        <neighbor id="27" ids="27;26;28;"/>
        <neighbor id="28" ids="28;27;29;"/>
        <neighbor id="29" ids="29;30;28;"/>
        <neighbor id="30" ids="30;31;29;"/>
        <neighbor id="31" ids="31;30;32;"/>
        <neighbor id="32" ids="32;33;31;"/>
        <neighbor id="33" ids="33;32;34;"/>
        <neighbor id="34" ids="34;35;33;"/>
        <neighbor id="35" ids="35;34;36;"/>
        <neighbor id="36" ids="36;35;37;"/>
        <neighbor id="37" ids="37;38;36;"/>
        <neighbor id="38" ids="38;37;39;"/>
        <neighbor id="39" ids="39;40;38;"/>
        <neighbor id="40" ids="40;39;41;"/>
        <neighbor id="41" ids="41;42;40;"/>
        <neighbor id="42" ids="42;41;43;"/>
        <neighbor id="43" ids="43;42;44;"/>
        <neighbor id="44" ids="44;45;43;"/>
        <neighbor id="45" ids="45;44;46;"/>
        <neighbor id="46" ids="46;45;47;"/>
        <neighbor id="47" ids="47;48;46;"/>
        <neighbor id="48" ids="48;49;47;"/>
        <neighbor id="49" ids="49;48;50;"/>
        <neighbor id="50" ids="50;51;49;"/>
        <neighbor id="51" ids="51;50;52;"/>
        <neighbor id="52" ids="52;53;51;"/>
        <neighbor id="53" ids="53;52;54;"/>
        <neighbor id="54" ids="54;53;55;"/>
        <neighbor id="55" ids="55;56;54;"/>
        <neighbor id="56" ids="56;55;57;"/>
        <neighbor id="57" ids="57;58;56;"/>
        <neighbor id="58" ids="58;57;59;"/>
        <neighbor id="59" ids="59;60;58;"/>
        <neighbor id="60" ids="60;59;61;"/>
        <neighbor id="61" ids="61;60;62;"/>
        <neighbor id="62" ids="62;63;61;"/>
        <neighbor id="63" ids="63;62;64;"/>
        <neighbor id="64" ids="64;63;65;"/>
        <neighbor id="65" ids="65;66;64;"/>
        <neighbor id="66" ids="66;67;65;"/>
        <neighbor id="67" ids="67;66;68;"/>
        <neighbor id="68" ids="68;69;67;"/>
        <neighbor id="69" ids="69;68;70;"/>
        <neighbor id="70" ids="70;71;69;"/>
        <neighbor id="71" ids="71;70;0;"/>
    </neighbors>
</hark_xml>
